{
  "project_info": {
    "project_number": "706919177839",
    "firebase_url": "https://your-name-cdbab.firebaseio.com",
    "project_id": "your-name-cdbab",
    "storage_bucket": "your-name-cdbab.appspot.com"
  },
  "client": [
    {
      "client_info": {
        "mobilesdk_app_id": "1:706919177839:android:79427fdd2a46958c60779a",
        "android_client_info": {
          "package_name": "nemosofts.single.radio.admin"
        }
      },
      "oauth_client": [
        {
          "client_id": "706919177839-bau290klnv5fm7snd8588udsc2e2mbas.apps.googleusercontent.com",
          "client_type": 1,
          "android_info": {
            "package_name": "nemosofts.single.radio.admin",
            "certificate_hash": "7dda07b489dbea66e39e31011dc3fd62c0d9fb37"
          }
        },
        {
          "client_id": "706919177839-4sv60qvif26ndec247050ik887vrkui7.apps.googleusercontent.com",
          "client_type": 3
        }
      ],
      "api_key": [
        {
          "current_key": "AIzaSyC2c1xmbl_SL120s3z-rGqjTFeFeCQ3S-8"
        }
      ],
      "services": {
        "appinvite_service": {
          "other_platform_oauth_client": [
            {
              "client_id": "706919177839-4sv60qvif26ndec247050ik887vrkui7.apps.googleusercontent.com",
              "client_type": 3
            }
          ]
        }
      }
    },
    {
      "client_info": {
        "mobilesdk_app_id": "1:706919177839:android:68c93f36bf417d7160779a",
        "android_client_info": {
          "package_name": "nemosofts.ringtone"
        }
      },
      "oauth_client": [
        {
          "client_id": "706919177839-99mbfh0vqf6pct3jjsq5nsj2sr4hep91.apps.googleusercontent.com",
          "client_type": 1,
          "android_info": {
            "package_name": "nemosofts.ringtone",
            "certificate_hash": "7dda07b489dbea66e39e31011dc3fd62c0d9fb37"
          }
        },
        {
          "client_id": "706919177839-4sv60qvif26ndec247050ik887vrkui7.apps.googleusercontent.com",
          "client_type": 3
        }
      ],
      "api_key": [
        {
          "current_key": "AIzaSyC2c1xmbl_SL120s3z-rGqjTFeFeCQ3S-8"
        }
      ],
      "services": {
        "appinvite_service": {
          "other_platform_oauth_client": [
            {
              "client_id": "706919177839-4sv60qvif26ndec247050ik887vrkui7.apps.googleusercontent.com",
              "client_type": 3
            }
          ]
        }
      }
    },
    {
      "client_info": {
        "mobilesdk_app_id": "1:706919177839:android:96a054c37500f7bd60779a",
        "android_client_info": {
          "package_name": "nemosofts.single.radio"
        }
      },
      "oauth_client": [
        {
          "client_id": "706919177839-occqg33oac48g8g1687gur26oj6n1no1.apps.googleusercontent.com",
          "client_type": 1,
          "android_info": {
            "package_name": "nemosofts.single.radio",
            "certificate_hash": "7dda07b489dbea66e39e31011dc3fd62c0d9fb37"
          }
        },
        {
          "client_id": "706919177839-4sv60qvif26ndec247050ik887vrkui7.apps.googleusercontent.com",
          "client_type": 3
        }
      ],
      "api_key": [
        {
          "current_key": "AIzaSyC2c1xmbl_SL120s3z-rGqjTFeFeCQ3S-8"
        }
      ],
      "services": {
        "appinvite_service": {
          "other_platform_oauth_client": [
            {
              "client_id": "706919177839-4sv60qvif26ndec247050ik887vrkui7.apps.googleusercontent.com",
              "client_type": 3
            }
          ]
        }
      }
    }
  ],
  "configuration_version": "1"
}